{"cameraMode":{"drawMode":0,"name":"Shaded","section":"Shading Mode"},"sceneLighting":false,"audioPlay":false,"sceneViewState":{"showFog":true,"showMaterialUpdate":false,"showSkybox":false,"showFlares":true,"showImageEffects":true,"showParticleSystems":true},"in2DMode":false,"pivot":{"x":5.022897243499756,"y":5.834838390350342,"z":16.65000343322754},"rotation":{"x":0.081666000187397,"y":0.3295905888080597,"z":0.0289676021784544,"w":-0.9402999877929688},"size":17.293081283569337,"orthographic":false}