{"cameraMode":{"drawMode":0,"name":"Shaded","section":"Shading Mode"},"sceneLighting":true,"audioPlay":false,"sceneViewState":{"showFog":true,"showMaterialUpdate":false,"showSkybox":false,"showFlares":true,"showImageEffects":true,"showParticleSystems":true},"in2DMode":false,"pivot":{"x":-36.87143325805664,"y":36.32001495361328,"z":10.705450057983399},"rotation":{"x":0.26640036702156069,"y":0.5890085101127625,"z":-0.21426571905612946,"w":0.7323004603385925},"size":87.72722625732422,"orthographic":false}