{"cameraMode":{"drawMode":0,"name":"Shaded","section":"Shading Mode"},"sceneLighting":true,"audioPlay":false,"sceneViewState":{"showFog":true,"showMaterialUpdate":false,"showSkybox":false,"showFlares":true,"showImageEffects":true,"showParticleSystems":true},"in2DMode":false,"pivot":{"x":32.25672149658203,"y":-1.3549232482910157,"z":127.04325866699219},"rotation":{"x":-0.07090822607278824,"y":-0.19152586162090302,"z":0.013862311840057373,"w":-0.9788603782653809},"size":214.15377807617188,"orthographic":false}