{"cameraMode":{"drawMode":0,"name":"Shaded","section":"Shading Mode"},"sceneLighting":true,"audioPlay":false,"sceneViewState":{"showFog":true,"showMaterialUpdate":false,"showSkybox":true,"showFlares":true,"showImageEffects":true,"showParticleSystems":true},"in2DMode":false,"pivot":{"x":36.21657943725586,"y":24.476938247680665,"z":12.842556953430176},"rotation":{"x":-0.19514915347099305,"y":0.7350364327430725,"z":-0.2373344451189041,"w":-0.6044372916221619},"size":62.385433197021487,"orthographic":false}