{"cameraMode":{"drawMode":0,"name":"Shaded","section":"Shading Mode"},"sceneLighting":true,"audioPlay":false,"sceneViewState":{"showFog":true,"showMaterialUpdate":false,"showSkybox":false,"showFlares":true,"showImageEffects":true,"showParticleSystems":true},"in2DMode":false,"pivot":{"x":4.328470230102539,"y":4.005130767822266,"z":28.4798641204834},"rotation":{"x":0.22603394091129304,"y":-0.37635141611099245,"z":0.095273457467556,"w":0.893460750579834},"size":34.47829818725586,"orthographic":false}