{"cameraMode":{"drawMode":0,"name":"Shaded","section":"Shading Mode"},"sceneLighting":false,"audioPlay":false,"sceneViewState":{"showFog":true,"showMaterialUpdate":false,"showSkybox":false,"showFlares":true,"showImageEffects":true,"showParticleSystems":true},"in2DMode":false,"pivot":{"x":7.286526679992676,"y":-75.09605407714844,"z":170.35191345214845},"rotation":{"x":-0.2363206148147583,"y":0.04282724857330322,"z":-0.010439152829349041,"w":-0.9706943035125732},"size":190.4866943359375,"orthographic":false}