{"cameraMode":{"drawMode":0,"name":"Shaded","section":"Shading Mode"},"sceneLighting":false,"audioPlay":false,"sceneViewState":{"showFog":true,"showMaterialUpdate":false,"showSkybox":false,"showFlares":true,"showImageEffects":true,"showParticleSystems":true},"in2DMode":false,"pivot":{"x":15.420391082763672,"y":2.70297908782959,"z":18.22028160095215},"rotation":{"x":-0.0782151073217392,"y":-0.8052791953086853,"z":0.10986511409282685,"w":-0.5776078104972839},"size":9.271279335021973,"orthographic":false}