{"cameraMode":{"drawMode":0,"name":"Shaded","section":"Shading Mode"},"sceneLighting":true,"audioPlay":false,"sceneViewState":{"showFog":true,"showMaterialUpdate":false,"showSkybox":false,"showFlares":true,"showImageEffects":true,"showParticleSystems":true},"in2DMode":false,"pivot":{"x":15.918400764465332,"y":-14.523887634277344,"z":-1.0828853845596314},"rotation":{"x":-0.003095861291512847,"y":0.9234218597412109,"z":-0.3837921917438507,"w":-0.007458920124918222},"size":72.64691162109375,"orthographic":false}