{"cameraMode":{"drawMode":0,"name":"Shaded","section":"Shading Mode"},"sceneLighting":true,"audioPlay":false,"sceneViewState":{"showFog":true,"showMaterialUpdate":false,"showSkybox":false,"showFlares":true,"showImageEffects":true,"showParticleSystems":true},"in2DMode":false,"pivot":{"x":-20.669246673583986,"y":-118.55048370361328,"z":185.69595336914063},"rotation":{"x":-0.3635674715042114,"y":0.1290837526321411,"z":-0.05095938593149185,"w":-0.9212099313735962},"size":229.5094451904297,"orthographic":false}