{"cameraMode":{"drawMode":0,"name":"Shaded","section":"Shading Mode"},"sceneLighting":true,"audioPlay":false,"sceneViewState":{"showFog":true,"showMaterialUpdate":false,"showSkybox":true,"showFlares":true,"showImageEffects":true,"showParticleSystems":true},"in2DMode":false,"pivot":{"x":60.89337921142578,"y":2.3780202865600588,"z":67.06844329833985},"rotation":{"x":-0.06509724259376526,"y":-0.268178254365921,"z":0.01864081621170044,"w":-0.9611382484436035},"size":79.22049713134766,"orthographic":false}