{"cameraMode":{"drawMode":0,"name":"Shaded","section":"Shading Mode"},"sceneLighting":false,"audioPlay":false,"sceneViewState":{"showFog":true,"showMaterialUpdate":false,"showSkybox":false,"showFlares":true,"showImageEffects":true,"showParticleSystems":true},"in2DMode":false,"pivot":{"x":11.182391166687012,"y":3.3579506874084474,"z":21.051836013793947},"rotation":{"x":0.22428476810455323,"y":0.3900163471698761,"z":-0.09854977577924729,"w":0.8876209855079651},"size":9.051726341247559,"orthographic":false}