{"cameraMode":{"drawMode":0,"name":"Shaded","section":"Shading Mode"},"sceneLighting":false,"audioPlay":false,"sceneViewState":{"showFog":true,"showMaterialUpdate":false,"showSkybox":false,"showFlares":true,"showImageEffects":true,"showParticleSystems":true},"in2DMode":false,"pivot":{"x":9.528424263000489,"y":1.7565727233886719,"z":8.890769958496094},"rotation":{"x":-0.08972436934709549,"y":0.8446853756904602,"z":-0.1497834026813507,"w":-0.5059893727302551},"size":11.59023666381836,"orthographic":false}